[
  {
    "reference": "Beeck SIP Klassikgrün",
    "name": "Oxide Green - BEECK Interior Stand-Oil Paint PRO",
    "description_short": "<p><strong><img src=\"https://www.holzvertaefelung.store/img/cms/Beeck-Headline.jpg\" alt=\"Beeck Farben\" width=\"1022\" height=\"140\" /></strong></p>\n<p><strong>Beeck Interior Stand-Oil Paint PRO</strong><br />Opaque pigmented, for finishing coats on wood in interior areas, Paint Sheen: satin /semi-gloss.</p>\n<p><strong>Intended use</strong><br />Linseed-based Stand-Oil paint for coloured interior wood treatments, for doors, panelling and ceiling cladding. Preferred use in the preservation of listed buildings for the restoration of old oil paint coats in keeping with the style and material. Forms its film by oxidative drying into a vapor-permeable and water-resistant oil enamel film.</p>\n<p></p>",
    "meta_title": "Oxide Green Interior Stand-Oil Paint PRO from BEECK",
    "meta_description": "",
    "categories": [
      "Artikel",
      "STANDÖLINNENFARBE PRO Mischtöne"
    ],
    "image_url": "https://www.vertaefelungen.de/api/images/products/112/1180",
    "variants": [
      {
        "combination_id": 486,
        "attribute": "0,75 L, seidenmatt, Klassikgrün 01",
        "price_netto": 57150000,
        "active": false
      },
      {
        "combination_id": 487,
        "attribute": "0,75 L, seidenmatt, Klassikgrün 02",
        "price_netto": 57150000,
        "active": false
      },
      {
        "combination_id": 488,
        "attribute": "0,75 L, seidenmatt, Klassikgrün 03",
        "price_netto": 57150000,
        "active": false
      },
      {
        "combination_id": 489,
        "attribute": "0,75 L, seidenglanz, Klassikgrün 01",
        "price_netto": 57150000,
        "active": false
      },
      {
        "combination_id": 490,
        "attribute": "0,75 L, seidenglanz, Klassikgrün 02",
        "price_netto": 57150000,
        "active": false
      },
      {
        "combination_id": 491,
        "attribute": "0,75 L, seidenglanz, Klassikgrün 03",
        "price_netto": 57150000,
        "active": false
      },
      {
        "combination_id": 492,
        "attribute": "2,5 L, seidenmatt, Klassikgrün 01",
        "price_netto": 159500000,
        "active": false
      },
      {
        "combination_id": 493,
        "attribute": "2,5 L, seidenmatt, Klassikgrün 02",
        "price_netto": 159500000,
        "active": false
      },
      {
        "combination_id": 494,
        "attribute": "2,5 L, seidenmatt, Klassikgrün 03",
        "price_netto": 159500000,
        "active": false
      },
      {
        "combination_id": 495,
        "attribute": "2,5 L, seidenglanz, Klassikgrün 01",
        "price_netto": 159500000,
        "active": false
      },
      {
        "combination_id": 496,
        "attribute": "2,5 L, seidenglanz, Klassikgrün 02",
        "price_netto": 159500000,
        "active": false
      },
      {
        "combination_id": 497,
        "attribute": "2,5 L, seidenglanz, Klassikgrün 03",
        "price_netto": 159500000,
        "active": false
      },
      {
        "combination_id": 498,
        "attribute": "10 L, seidenmatt, Klassikgrün 01",
        "price_netto": 613500000,
        "active": false
      },
      {
        "combination_id": 499,
        "attribute": "10 L, seidenmatt, Klassikgrün 02",
        "price_netto": 613500000,
        "active": false
      },
      {
        "combination_id": 500,
        "attribute": "10 L, seidenmatt, Klassikgrün 03",
        "price_netto": 613500000,
        "active": false
      },
      {
        "combination_id": 501,
        "attribute": "10 L, seidenglanz, Klassikgrün 01",
        "price_netto": 613500000,
        "active": false
      },
      {
        "combination_id": 502,
        "attribute": "10 L, seidenglanz, Klassikgrün 02",
        "price_netto": 613500000,
        "active": false
      },
      {
        "combination_id": 503,
        "attribute": "10 L, seidenglanz, Klassikgrün 03",
        "price_netto": 613500000,
        "active": false
      },
      {
        "combination_id": 504,
        "attribute": "0,75 L, seidenmatt, Klassikgrün 01",
        "price_netto": 57150000,
        "active": false
      },
      {
        "combination_id": 505,
        "attribute": "0,75 L, seidenmatt, Klassikgrün 02",
        "price_netto": 57150000,
        "active": false
      },
      {
        "combination_id": 506,
        "attribute": "0,75 L, seidenmatt, Klassikgrün 03",
        "price_netto": 57150000,
        "active": false
      },
      {
        "combination_id": 507,
        "attribute": "0,75 L, seidenglanz, Klassikgrün 01",
        "price_netto": 57150000,
        "active": false
      },
      {
        "combination_id": 508,
        "attribute": "0,75 L, seidenglanz, Klassikgrün 02",
        "price_netto": 57150000,
        "active": false
      },
      {
        "combination_id": 509,
        "attribute": "0,75 L, seidenglanz, Klassikgrün 03",
        "price_netto": 57150000,
        "active": false
      },
      {
        "combination_id": 510,
        "attribute": "2,5 L, seidenmatt, Klassikgrün 01",
        "price_netto": 159500000,
        "active": false
      },
      {
        "combination_id": 511,
        "attribute": "2,5 L, seidenmatt, Klassikgrün 02",
        "price_netto": 159500000,
        "active": false
      },
      {
        "combination_id": 512,
        "attribute": "2,5 L, seidenmatt, Klassikgrün 03",
        "price_netto": 159500000,
        "active": false
      },
      {
        "combination_id": 513,
        "attribute": "2,5 L, seidenglanz, Klassikgrün 01",
        "price_netto": 159500000,
        "active": false
      },
      {
        "combination_id": 514,
        "attribute": "2,5 L, seidenglanz, Klassikgrün 02",
        "price_netto": 159500000,
        "active": false
      },
      {
        "combination_id": 515,
        "attribute": "2,5 L, seidenglanz, Klassikgrün 03",
        "price_netto": 159500000,
        "active": false
      },
      {
        "combination_id": 516,
        "attribute": "10 L, seidenmatt, Klassikgrün 01",
        "price_netto": 613500000,
        "active": false
      },
      {
        "combination_id": 517,
        "attribute": "10 L, seidenmatt, Klassikgrün 02",
        "price_netto": 613500000,
        "active": false
      },
      {
        "combination_id": 518,
        "attribute": "10 L, seidenmatt, Klassikgrün 03",
        "price_netto": 613500000,
        "active": false
      },
      {
        "combination_id": 519,
        "attribute": "10 L, seidenglanz, Klassikgrün 01",
        "price_netto": 613500000,
        "active": false
      },
      {
        "combination_id": 520,
        "attribute": "10 L, seidenglanz, Klassikgrün 02",
        "price_netto": 613500000,
        "active": false
      },
      {
        "combination_id": 521,
        "attribute": "10 L, seidenglanz, Klassikgrün 03",
        "price_netto": 613500000,
        "active": false
      }
    ]
  },
  {
    "reference": "P0002",
    "name": "P0002 - Hamburg - Michel",
    "description_short": "<p style=\"margin:0px;font-style:normal;font-size:11px;line-height:normal;\"><span>The tower hall of the Michel has high oak panelling dating from the reconstruction period of 1906-1912. The vertical panelling runs around the entire room and creates a clear, unobtrusive structure.<br />The panelling consists of a clear base and head section with a 2-row, vertical coffered paneling that can be easily adapted to individual room dimensions. We manufacture the panelling true to the original in oak and also in pine. On request.</span></p>",
    "meta_title": "",
    "meta_description": "",
    "categories": [
      "Artikel",
      "Hohe Vertäfelungen"
    ],
    "image_url": "https://www.vertaefelungen.de/api/images/products/24/699",
    "variants": [
      {
        "combination_id": 255,
        "attribute": "Kiefer, Bausatz",
        "price_netto": 1026790000,
        "active": false
      },
      {
        "combination_id": 257,
        "attribute": "Eiche, Bausatz",
        "price_netto": 1758360000,
        "active": false
      }
    ]
  },
  {
    "reference": "P0003",
    "name": "P0003 - London - V&A - Morris Room",
    "description_short": "<p style=\"margin:0px;font-style:normal;font-size:11px;line-height:normal;\"><span>Sir Henry Cole, the founding director of the South Kensington Museum, showed great flair when he commissioned the young William Morris to design the \"Green Dining Room\", now known as the \"Morris Room\", in 1861. Morris, later one of the most famous representatives of the Arts and Crafts movement, proposed a design consisting of panelling in the style of the Elizabethan Neo-Renaissance and elements of Gothic Revival. Morris enlisted the help of his friends, the architect Philip Webb and the painter Edward Burne-Jones. The original state has been preserved and is open to visitors. The panel has a height of 214 cm and is painted green in its original colour.</span></p>",
    "meta_title": "",
    "meta_description": "",
    "categories": [
      "Artikel",
      "Hohe Vertäfelungen"
    ],
    "image_url": "https://www.vertaefelungen.de/api/images/products/27/718",
    "variants": [
      {
        "combination_id": 259,
        "attribute": "Kiefer, Bausatz",
        "price_netto": 1526790000,
        "active": false
      },
      {
        "combination_id": 261,
        "attribute": "Eiche, Bausatz",
        "price_netto": 2624140000,
        "active": false
      }
    ]
  },
  {
    "reference": "P0017",
    "name": "P0017 - High pinstripe panel with shaker peg rail",
    "description_short": "<p>This cladding looks very nice and is very practical.<br />Our Shaker Peg Rail is made in exactly the same shape as it can be found in the Shaker Museum Enfield.<br />The peg rail is a useful invention that allows you to keep things handy and organized, such as pots, scissors, dog leashes or to hang something on the wall, such as chairs, when you want to vacuum thoroughly.<br />The paneling can be ordered per linear meter. We manufacture the panel from solid wood in oak or pine. On request, it can be prepared for a colored coating.</p>",
    "meta_title": "",
    "meta_description": "",
    "categories": [
      "Artikel",
      "Hohe Vertäfelungen"
    ],
    "image_url": "https://www.vertaefelungen.de/api/images/products/47/861",
    "variants": [
      {
        "combination_id": 285,
        "attribute": "Kiefer",
        "price_netto": 700000000,
        "active": false
      },
      {
        "combination_id": 286,
        "attribute": "Eiche",
        "price_netto": 1242000000,
        "active": false
      }
    ]
  },
  {
    "reference": "P0013",
    "name": "P0013 - Berlin - Mommsenstr.",
    "description_short": "",
    "meta_title": "",
    "meta_description": "",
    "categories": [
      "Artikel",
      "Hohe Vertäfelungen"
    ],
    "image_url": "https://www.vertaefelungen.de/api/images/products/53/881",
    "variants": [
      {
        "combination_id": 291,
        "attribute": "Kiefer, Bausatz",
        "price_netto": 964290000,
        "active": false
      },
      {
        "combination_id": 293,
        "attribute": "Eiche, Bausatz",
        "price_netto": 1650130000,
        "active": false
      }
    ]
  },
  {
    "reference": "P0014",
    "name": "P0014 - Lübeck - Schiffergesellschaft",
    "description_short": "<p>The Schiffergesellschaft Lübeck has existed since 1401. The interior is richly decorated with ship models and items that Lübeck captains have collected on their voyages over centuries.<br />This paneling is typical for Lübeck. A similar structure with a flat field with carvings in the upper area and two upright coffers in the lower area can also be found in the Jakobi- and Aegidienkirche. However, the carvings of the Schiffergesellschaft are somewhat more humorous.</p>",
    "meta_title": "",
    "meta_description": "",
    "categories": [
      "Artikel",
      "Hohe Vertäfelungen"
    ],
    "image_url": "https://www.vertaefelungen.de/api/images/products/55/898",
    "variants": [
      {
        "combination_id": 295,
        "attribute": "Kiefer, Bausatz",
        "price_netto": 1276790000,
        "active": false
      },
      {
        "combination_id": 297,
        "attribute": "Eiche, Bausatz",
        "price_netto": 2191250000,
        "active": false
      }
    ]
  },
  {
    "reference": "P0009",
    "name": "P0009 - Board & Batten",
    "description_short": "<p>What we casually call \"pinstripe\" here is the combination of board and decorative trim.<br />Both are separate elements that connect with tongue and groove and alternate along the length of the wall.<br />The special feature are the differently profiled decorative trims.<br />A classic paneling that is suitable for city and country homes alike.<br /><br />The paneling can be ordered per linear meter. We manufacture the panel from solid wood in oak or pine. On request, it can be prepared for a colored coating.</p>",
    "meta_title": "",
    "meta_description": "",
    "categories": [
      "Artikel",
      "Halbhohe Vertäfelungen"
    ],
    "image_url": "https://www.vertaefelungen.de/api/images/products/21/529",
    "variants": [
      {
        "combination_id": 79,
        "attribute": "Dreikantstab, Halbhoch – 122 cm, Kiefer",
        "price_netto": 443100000,
        "active": false
      },
      {
        "combination_id": 81,
        "attribute": "Dreikantstab, Halbhoch – 122 cm, Eiche",
        "price_netto": 711500000,
        "active": false
      },
      {
        "combination_id": 85,
        "attribute": "Dreikantstab, Halbhoch  – 147 cm, Kiefer",
        "price_netto": 500740000,
        "active": false
      },
      {
        "combination_id": 87,
        "attribute": "Dreikantstab, Halbhoch  – 147 cm, Eiche",
        "price_netto": 850740000,
        "active": false
      },
      {
        "combination_id": 91,
        "attribute": "Flachstab, Halbhoch – 122 cm, Kiefer",
        "price_netto": 443100000,
        "active": false
      },
      {
        "combination_id": 93,
        "attribute": "Flachstab, Halbhoch – 122 cm, Eiche",
        "price_netto": 711500000,
        "active": false
      },
      {
        "combination_id": 97,
        "attribute": "Flachstab, Halbhoch  – 147 cm, Kiefer",
        "price_netto": 500740000,
        "active": false
      },
      {
        "combination_id": 99,
        "attribute": "Flachstab, Halbhoch  – 147 cm, Eiche",
        "price_netto": 850740000,
        "active": false
      },
      {
        "combination_id": 103,
        "attribute": "Halbhoch – 122 cm, Rundstab, Kiefer",
        "price_netto": 443100000,
        "active": false
      },
      {
        "combination_id": 105,
        "attribute": "Halbhoch – 122 cm, Rundstab, Eiche",
        "price_netto": 711500000,
        "active": false
      },
      {
        "combination_id": 109,
        "attribute": "Halbhoch  – 147 cm, Rundstab, Kiefer",
        "price_netto": 500740000,
        "active": false
      },
      {
        "combination_id": 111,
        "attribute": "Halbhoch  – 147 cm, Rundstab, Eiche",
        "price_netto": 850740000,
        "active": false
      },
      {
        "combination_id": 115,
        "attribute": "Halbhoch – 122 cm, Hohlkehlstab, Kiefer",
        "price_netto": 443100000,
        "active": false
      },
      {
        "combination_id": 117,
        "attribute": "Halbhoch – 122 cm, Hohlkehlstab, Eiche",
        "price_netto": 711500000,
        "active": false
      },
      {
        "combination_id": 121,
        "attribute": "Halbhoch  – 147 cm, Hohlkehlstab, Kiefer",
        "price_netto": 500740000,
        "active": false
      },
      {
        "combination_id": 123,
        "attribute": "Halbhoch  – 147 cm, Hohlkehlstab, Eiche",
        "price_netto": 850740000,
        "active": false
      },
      {
        "combination_id": 127,
        "attribute": "Halbhoch – 122 cm, Kerbstab, Kiefer",
        "price_netto": 493100000,
        "active": false
      },
      {
        "combination_id": 129,
        "attribute": "Halbhoch – 122 cm, Kerbstab, Eiche",
        "price_netto": 761500000,
        "active": false
      },
      {
        "combination_id": 133,
        "attribute": "Halbhoch  – 147 cm, Kerbstab, Kiefer",
        "price_netto": 550740000,
        "active": false
      },
      {
        "combination_id": 135,
        "attribute": "Halbhoch  – 147 cm, Kerbstab, Eiche",
        "price_netto": 900740000,
        "active": false
      }
    ]
  },
  {
    "reference": "P0001",
    "name": "P0001 - Berlin - Winsstraße",
    "description_short": "<p style=\"margin:0px;font-style:normal;font-size:11px;line-height:normal;\"><span>The Wins quarter around Winsstrasse in Berlin Prenzlauer Berg is a residential area with a high quality of life. The atmosphere is characterised by street cafés, book and wine shops and the well-preserved old buildings also contribute to the cosy atmosphere. The stucco-decorated entrances are very varied. There are Art Nouveau tiles, marble and wood panelling like this one.</span></p>\n<p style=\"margin:0px;font-style:normal;font-size:11px;line-height:normal;\"><span>This wainscoting has an original height of 110 cm and strong profiles with long, horizontal picture-frame-mouldings, which can be easily adapted to individual room dimensions. We manufacture the panel in oak or pine. On request, it can be prepared for a coat of coloured paint.</span></p>",
    "meta_title": "",
    "meta_description": "",
    "categories": [
      "Artikel",
      "Halbhohe Vertäfelungen"
    ],
    "image_url": "https://www.vertaefelungen.de/api/images/products/23/491",
    "variants": [
      {
        "combination_id": 251,
        "attribute": "Kiefer, Bausatz",
        "price_netto": 526790000,
        "active": false
      },
      {
        "combination_id": 253,
        "attribute": "Eiche, Bausatz",
        "price_netto": 892570000,
        "active": false
      }
    ]
  },
  {
    "reference": "P0004",
    "name": "P0004 - Berlin - Sophienstraße",
    "description_short": "<p style=\"margin:0px;font-style:normal;font-size:11px;line-height:normal;\"><span>Berlin's Sophienstraße has a particularly picturesque small-town charm and the only remaining baroque church tower in Berlin. From Sophienstraße you can reach the Hackesche Höfe and the Sophien-Gips-Höfe. </span>The Lambris has an upright cassette that can be easily adapted to individual room dimensions. We manufacture the panel in oak or pine. On request, it can be prepared for a coloured coating. </p>",
    "meta_title": "",
    "meta_description": "",
    "categories": [
      "Artikel",
      "Halbhohe Vertäfelungen"
    ],
    "image_url": "https://www.vertaefelungen.de/api/images/products/31/693",
    "variants": [
      {
        "combination_id": 263,
        "attribute": "Kiefer, Bausatz",
        "price_netto": 518040000,
        "active": false
      },
      {
        "combination_id": 265,
        "attribute": "Eiche, Bausatz",
        "price_netto": 829160000,
        "active": false
      }
    ]
  },
  {
    "reference": "P0005",
    "name": "P0005 - Berlin - Bleibtreustraße",
    "description_short": "<p style=\"margin:0px;font-style:normal;font-size:11px;line-height:normal;\"><span>Very impressive but quite simply constructed. The \"windows\" lined up in a row with the trefoil arches at the end create neo-Gothic panelling. Such an interior lends prestige and dignity to a Victorian-style entrance.</span></p>\n<p style=\"margin:0px;font-style:normal;font-size:11px;line-height:normal;\"></p>",
    "meta_title": "",
    "meta_description": "",
    "categories": [
      "Artikel",
      "Halbhohe Vertäfelungen"
    ],
    "image_url": "https://www.vertaefelungen.de/api/images/products/32/672",
    "variants": [
      {
        "combination_id": 267,
        "attribute": "Kiefer, Bausatz",
        "price_netto": 901790000,
        "active": false
      },
      {
        "combination_id": 269,
        "attribute": "Eiche, Bausatz",
        "price_netto": 1541910000,
        "active": false
      }
    ]
  },
  {
    "reference": "P0006",
    "name": "P0006 - Leipzig - Ludwigstraße",
    "description_short": "<p>This panelling from a house entrance in Leipzig's Ludwigstraße (Volkmarsdorf) dates from the construction period of the building in 1884 and is therefore around 140 years old. This time spans 6 generations.</p>",
    "meta_title": "",
    "meta_description": "",
    "categories": [
      "Artikel",
      "Halbhohe Vertäfelungen"
    ],
    "image_url": "https://www.vertaefelungen.de/api/images/products/33/676",
    "variants": [
      {
        "combination_id": 271,
        "attribute": "Kiefer, Bausatz",
        "price_netto": 464290000,
        "active": false
      },
      {
        "combination_id": 273,
        "attribute": "Eiche, Bausatz",
        "price_netto": 784350000,
        "active": false
      }
    ]
  },
  {
    "reference": "P0022",
    "name": "P0022 - Lübeck - Rathaus - Langes Haus",
    "description_short": "<p>Town Hall Lübeck - The centre of the Hanseatic League. This is where from the 14th to the 18th century the Hansa Days took place, where co-operation was regulated. The city council still debates current issues here today. Lübeck is a very proud city, which is clearly demonstrated by its buildings. Inside and out. The entire length of the corridor on the upper hall way and in the „Long House“ is stuffed with a coffered panelling. All rails and frames are made of oak, but the cassettes are of pine. This panelling was probably created during the renovation of 1893.</p>",
    "meta_title": "",
    "meta_description": "",
    "categories": [
      "Artikel",
      "Halbhohe Vertäfelungen"
    ],
    "image_url": "https://www.vertaefelungen.de/api/images/products/35/807",
    "variants": [
      {
        "combination_id": 275,
        "attribute": "Kiefer, Bausatz",
        "price_netto": 529570000,
        "active": false
      },
      {
        "combination_id": 277,
        "attribute": "Eiche, Bausatz",
        "price_netto": 890290000,
        "active": false
      }
    ]
  },
  {
    "reference": "P0010",
    "name": "P0010 - Rome - St Peter's Basilica - Balustrade at the tomb of St Peter",
    "description_short": "<p>The balustrade that we have used as a model for this new wainscoting is located in the centre of St Peter's Basilica in Rome, directly in front of Bernini's ciborium. It surrounds the staircase to the Vatican Necropolis, where St Peter's tomb is located.<br />In terms of height, shape and proportions, we have stuck exactly to the original. We can also recreate the colours of the different types of marble by using different types of wood.</p>",
    "meta_title": "",
    "meta_description": "",
    "categories": [
      "Artikel",
      "Halbhohe Vertäfelungen"
    ],
    "image_url": "https://www.vertaefelungen.de/api/images/products/38/764",
    "variants": [
      {
        "combination_id": 239,
        "attribute": "Bausatz, Kiefer",
        "price_netto": 1526790000,
        "active": false
      },
      {
        "combination_id": 240,
        "attribute": "Bausatz, Eiche",
        "price_netto": 2624140000,
        "active": false
      },
      {
        "combination_id": 241,
        "attribute": "Bausatz, Holzarten nach Original",
        "price_netto": 3126790000,
        "active": false
      }
    ]
  },
  {
    "reference": "P0011",
    "name": "P0011 - Weimar - Goethe's house am Frauenplan",
    "description_short": "<p>Goethe's home in Weimar is a successful blend of classicist bourgeoisie and simple farmhouse.</p>",
    "meta_title": "",
    "meta_description": "",
    "categories": [
      "Artikel",
      "Halbhohe Vertäfelungen"
    ],
    "image_url": "https://www.vertaefelungen.de/api/images/products/52/870",
    "variants": [
      {
        "combination_id": 289,
        "attribute": "Kiefer",
        "price_netto": 526790000,
        "active": false
      },
      {
        "combination_id": 290,
        "attribute": "Eiche",
        "price_netto": 892570000,
        "active": false
      }
    ]
  },
  {
    "reference": "P0018",
    "name": "P0018 - Berlin - Invalidenstraße",
    "description_short": "<p>The Balzer bakery was located here 130 years ago. All the walls are covered with fresh summer flower tiles and beautifully profiled wooden mouldings and the buns must have smelled twice as good!<br />Today they're serving burgers and the setting, well, looks a bit scruffy. I hope that the next tenant knows what to do with this treasure.<br />The combination of panelling and tiles is often found in restaurants and food shops. Tiles bring another decorative element into play. You can cover larger areas and divide them into sections using frames.<br />The tiles used in this example are from the <span style=\"color:#2445a2;\"><a href=\"https://www.golem-baukeramik.de/en/Art-Nouveau-tiles/Wall-tiles/Art-Nouveau-tiles-decorated/\" style=\"color:#2445a2;\">GOLEM manufactory</a></span>.</p>",
    "meta_title": "",
    "meta_description": "",
    "categories": [
      "Artikel",
      "Halbhohe Vertäfelungen"
    ],
    "image_url": "https://www.vertaefelungen.de/api/images/products/57/927",
    "variants": [
      {
        "combination_id": 299,
        "attribute": "Kiefer, Bausatz",
        "price_netto": 776790000,
        "active": false
      },
      {
        "combination_id": 301,
        "attribute": "Eiche, Bausatz",
        "price_netto": 1325460000,
        "active": false
      }
    ]
  },
  {
    "reference": "P0015",
    "name": "P0015 - Berlin - Alte Nationalgalerie",
    "description_short": "<p>A good example of panelling that provides clear structures and puts the pictures on display centre stage. The surface looks like a flat balustrade with plenty of space at the top to hang pictures in different formats at eye level.</p>",
    "meta_title": "",
    "meta_description": "",
    "categories": [
      "Artikel",
      "Halbhohe Vertäfelungen"
    ],
    "image_url": "https://www.vertaefelungen.de/api/images/products/59/959",
    "variants": [
      {
        "combination_id": 303,
        "attribute": "Kiefer, Bausatz",
        "price_netto": 464290000,
        "active": false
      },
      {
        "combination_id": 305,
        "attribute": "Eiche, Bausatz",
        "price_netto": 830070000,
        "active": false
      }
    ]
  },
  {
    "reference": "P0033",
    "name": "P0033 - Munich - Augustiner Brewery Motherhouse",
    "description_short": "<p>This high skirting board comes from the main building of the Augustiner brewery in Munich city centre. Some living rooms of the Wagner brewery family, the \"Wagner Salons\", are furnished with it on the first floor. The salons were remodelled and refurnished in 1896-97 by Emanuel von Seidel in a mixture of contemporary Art Nouveau and dignified neo-Baroque. They were extensively restored in 2019 and are now available to guests.</p>",
    "meta_title": "",
    "meta_description": "",
    "categories": [
      "Artikel",
      "Sockelleisten"
    ],
    "image_url": "https://www.vertaefelungen.de/api/images/products/26/736",
    "variants": [
      {
        "combination_id": 150,
        "attribute": "Kiefer",
        "price_netto": 79831933,
        "active": false
      },
      {
        "combination_id": 152,
        "attribute": "Eiche",
        "price_netto": 147058824,
        "active": false
      }
    ]
  },
  {
    "reference": "SL0007-IE",
    "name": "P0033 - inner corner",
    "description_short": "<p style=\"margin:0px;font-style:normal;font-size:17px;line-height:normal;\"><span>Matching inner corner for skirting board P0033, emphasises the corners. </span></p>",
    "meta_title": "",
    "meta_description": "",
    "categories": [
      "Sockelleisten"
    ],
    "image_url": "https://www.vertaefelungen.de/api/images/products/29/747",
    "variants": [
      {
        "combination_id": 183,
        "attribute": "Kiefer",
        "price_netto": 21008403,
        "active": false
      },
      {
        "combination_id": 184,
        "attribute": "Eiche",
        "price_netto": 37815126,
        "active": false
      }
    ]
  },
  {
    "reference": "SL0005",
    "name": "SL0005 - rounded upper edge 80/16",
    "description_short": "<p>Plain and simple, with a rounded upper edge</p>",
    "meta_title": "",
    "meta_description": "",
    "categories": [
      "Artikel",
      "Sockelleisten"
    ],
    "image_url": "https://www.vertaefelungen.de/api/images/products/34/830",
    "variants": [
      {
        "combination_id": "",
        "attribute": "",
        "price_netto": 17150000,
        "active": false
      }
    ]
  },
  {
    "reference": "SL0007-AE",
    "name": "copy of P0033 - inner corner",
    "description_short": "<p style=\"margin:0px;font-style:normal;font-size:17px;line-height:normal;\"><span>Matching inner corner for skirting board P0033, emphasises the corners. </span></p>",
    "meta_title": "",
    "meta_description": "",
    "categories": [
      "Sockelleisten"
    ],
    "image_url": "https://www.vertaefelungen.de/api/images/products/36/758",
    "variants": [
      {
        "combination_id": 204,
        "attribute": "Kiefer",
        "price_netto": 21008403,
        "active": false
      },
      {
        "combination_id": 205,
        "attribute": "Eiche",
        "price_netto": 37815126,
        "active": false
      }
    ]
  },
  {
    "reference": "SL0001",
    "name": "SL0001 - Hamburg skirting board 170/25",
    "description_short": "<p>Hamburg or Berlin skirting board? Both are the same. Unfortunately, the origin of the terms cannot be proven more precisely.<br />We think that this beautifully shaped profile can also be used in Dresden or Augsburg.</p>",
    "meta_title": "",
    "meta_description": "",
    "categories": [
      "Artikel",
      "Sockelleisten"
    ],
    "image_url": "https://www.vertaefelungen.de/api/images/products/40/823",
    "variants": [
      {
        "combination_id": "",
        "attribute": "",
        "price_netto": 35937500,
        "active": false
      }
    ]
  },
  {
    "reference": "SL0002",
    "name": "SL0002 - Hamburg skirting board 18/120",
    "description_short": "<p>Hamburg or Berlin skirting board? Both are the same. Unfortunately, the origin of the terms cannot be proven more precisely.<br />We think that this beautifully shaped profile can also be used in Dresden or Augsburg.</p>",
    "meta_title": "",
    "meta_description": "",
    "categories": [
      "Artikel",
      "Sockelleisten"
    ],
    "image_url": "https://www.vertaefelungen.de/api/images/products/41/825",
    "variants": [
      {
        "combination_id": "",
        "attribute": "",
        "price_netto": 27880000,
        "active": false
      }
    ]
  },
  {
    "reference": "SL0003",
    "name": "SL0003 - Kreuzberg skirting board 165/28",
    "description_short": "<p>A genuine Berlin skirting board that was re-milled for an apartment in Adalbertstr.</p>",
    "meta_title": "",
    "meta_description": "",
    "categories": [
      "Artikel",
      "Sockelleisten"
    ],
    "image_url": "https://www.vertaefelungen.de/api/images/products/42/826",
    "variants": [
      {
        "combination_id": "",
        "attribute": "",
        "price_netto": 35380000,
        "active": false
      }
    ]
  },
  {
    "reference": "SL0004",
    "name": "SL0004 - 2-piece high skirting board 175/45",
    "description_short": "<p>Richly profiled, high skirting board made up of 2 parts.</p>",
    "meta_title": "",
    "meta_description": "",
    "categories": [
      "Artikel",
      "Sockelleisten"
    ],
    "image_url": "https://www.vertaefelungen.de/api/images/products/44/829",
    "variants": [
      {
        "combination_id": "",
        "attribute": "",
        "price_netto": 49750000,
        "active": false
      }
    ]
  },
  {
    "reference": "SL0006",
    "name": "SL0006 - with cyma 58/18",
    "description_short": "<p>simple with cyma</p>",
    "meta_title": "",
    "meta_description": "",
    "categories": [
      "Artikel",
      "Sockelleisten"
    ],
    "image_url": "https://www.vertaefelungen.de/api/images/products/45/868",
    "variants": [
      {
        "combination_id": "",
        "attribute": "",
        "price_netto": 6000000,
        "active": false
      }
    ]
  },
  {
    "reference": "BLR 3",
    "name": "Ventilation Rosette 3",
    "description_short": "<p>Elegant ventilation rosette based on the original design.<br />Cast brass, polished</p>\n<p>Diameter approx. 36 mm<br />Hight approx 3 mm</p>",
    "meta_title": "",
    "meta_description": "",
    "categories": [
      "Artikel",
      "Lüftungsrosetten"
    ],
    "image_url": "https://www.vertaefelungen.de/api/images/products/60/1001",
    "variants": [
      {
        "combination_id": "",
        "attribute": "",
        "price_netto": 49579832,
        "active": false
      }
    ]
  },
  {
    "reference": "BLR 4",
    "name": "Ventilation Rosette 4",
    "description_short": "<p>Elegant ventilation rosette based on the original design.<br />Milled brass, smoothed surface<br />Diameter 45 mm<br />Hight approx. 4 mm</p>",
    "meta_title": "",
    "meta_description": "",
    "categories": [
      "Lüftungsrosetten"
    ],
    "image_url": "https://www.vertaefelungen.de/api/images/products/70/1006",
    "variants": [
      {
        "combination_id": "",
        "attribute": "",
        "price_netto": 41176471,
        "active": false
      }
    ]
  },
  {
    "reference": "BLR 1",
    "name": "Ventilation Rosette 1",
    "description_short": "<p>Elegant ventilation rosette based on an original design.<br />Cast brass, polished</p>\n<p>Diameter approx. 52 mm<br />Hight approx 5 mm</p>",
    "meta_title": "",
    "meta_description": "",
    "categories": [
      "Artikel",
      "Lüftungsrosetten"
    ],
    "image_url": "https://www.vertaefelungen.de/api/images/products/71/1009",
    "variants": [
      {
        "combination_id": "",
        "attribute": "",
        "price_netto": 54621849,
        "active": false
      }
    ]
  },
  {
    "reference": "BLR 2",
    "name": "Ventilation Rosette 2",
    "description_short": "<p>Elegant ventilation rosette based on the original design.<br />Cast brass, polished</p>\n<p>Diameter approx. 42 mm<br />Hight approx 3 mm</p>",
    "meta_title": "",
    "meta_description": "",
    "categories": [
      "Artikel",
      "Lüftungsrosetten"
    ],
    "image_url": "https://www.vertaefelungen.de/api/images/products/72/1019",
    "variants": [
      {
        "combination_id": "",
        "attribute": "",
        "price_netto": 49579832,
        "active": false
      }
    ]
  },
  {
    "reference": "BLR 5",
    "name": "Ventilation Rosette 5",
    "description_short": "<p>Elegant ventilation rosette based on the original design.<br />Cast brass, polished</p>\n<p>Diameter approx. 58 mm<br />Hight approx 13 mm</p>",
    "meta_title": "",
    "meta_description": "",
    "categories": [
      "Artikel",
      "Lüftungsrosetten"
    ],
    "image_url": "https://www.vertaefelungen.de/api/images/products/73/1029",
    "variants": [
      {
        "combination_id": "",
        "attribute": "",
        "price_netto": 54621849,
        "active": false
      }
    ]
  },
  {
    "reference": "BLR 6",
    "name": "Ventilation Rosette 6",
    "description_short": "<p>Elegant ventilation rosette based on the original design.<br />Cast brass, polished</p>\n<p>Diameter approx. 46 mm<br />Hight approx 11 mm</p>",
    "meta_title": "",
    "meta_description": "",
    "categories": [
      "Artikel",
      "Lüftungsrosetten"
    ],
    "image_url": "https://www.vertaefelungen.de/api/images/products/74/1035",
    "variants": [
      {
        "combination_id": "",
        "attribute": "",
        "price_netto": 49579832,
        "active": false
      }
    ]
  },
  {
    "reference": "BLR 7",
    "name": "Ventilation Rosette 7",
    "description_short": "<p>Elegant ventilation rosette based on an original design.<br />Cast brass, polished</p>\n<p>Diameter approx. 28 mm<br />Hight approx 12 mm</p>",
    "meta_title": "",
    "meta_description": "",
    "categories": [
      "Artikel",
      "Lüftungsrosetten"
    ],
    "image_url": "https://www.vertaefelungen.de/api/images/products/75/1041",
    "variants": [
      {
        "combination_id": "",
        "attribute": "",
        "price_netto": 46218487,
        "active": false
      }
    ]
  },
  {
    "reference": "TR 06",
    "name": "Door Frame 06",
    "description_short": "<p>Door and window frame TR 06, dimensions: 115 x 26 mm</p>",
    "meta_title": "",
    "meta_description": "Can be used as door or window frames, dimensions: 115x26 mm pine or white wood, length as required, other woods (e.g. oak) on request",
    "categories": [
      "Artikel",
      "Türbekleidungen & Fensterrahmen"
    ],
    "image_url": "https://www.vertaefelungen.de/api/images/products/114/1197",
    "variants": [
      {
        "combination_id": 522,
        "attribute": "Kiefer",
        "price_netto": 46720000,
        "active": false
      },
      {
        "combination_id": 523,
        "attribute": "White Wood",
        "price_netto": 62140000,
        "active": false
      }
    ]
  },
  {
    "reference": "TR 07",
    "name": "Door Frame 07",
    "description_short": "<p>Door and window frame TR 07, dimensions: 143 x 31 mm</p>",
    "meta_title": "",
    "meta_description": "Classic door frame 143 x 31 mm, faithfully reproduced, made of pine or white wood, can be ordered to the desired length, other woods (e.g. oak) on request.",
    "categories": [
      "Artikel",
      "Türbekleidungen & Fensterrahmen"
    ],
    "image_url": "https://www.vertaefelungen.de/api/images/products/115/1199",
    "variants": [
      {
        "combination_id": 524,
        "attribute": "Kiefer",
        "price_netto": 50640000,
        "active": false
      },
      {
        "combination_id": 525,
        "attribute": "White Wood",
        "price_netto": 67360000,
        "active": false
      }
    ]
  },
  {
    "reference": "TR 01/160",
    "name": "Door Frame 01 / 160",
    "description_short": "<p>Door and window frame TR 01 / 160, dimensions: 160 x 24 mm</p>",
    "meta_title": "",
    "meta_description": "",
    "categories": [
      "Artikel",
      "Türbekleidungen & Fensterrahmen"
    ],
    "image_url": "https://www.vertaefelungen.de/api/images/products/116/1204",
    "variants": [
      {
        "combination_id": 526,
        "attribute": "Kiefer",
        "price_netto": 50000000,
        "active": false
      },
      {
        "combination_id": 527,
        "attribute": "White Wood",
        "price_netto": 55000000,
        "active": false
      }
    ]
  },
  {
    "reference": "TR 01/120",
    "name": "Door Frame 01 / 120",
    "description_short": "<p>Door and window frame TR 01 / 120, dimensions: 120 x 18 mm</p>",
    "meta_title": "",
    "meta_description": "Can be used as door or window frames, dimensions: 120x18 mm pine or white wood, length as required, other woods (e.g. oak) on request",
    "categories": [
      "Artikel",
      "Türbekleidungen & Fensterrahmen"
    ],
    "image_url": "https://www.vertaefelungen.de/api/images/products/117/1203",
    "variants": [
      {
        "combination_id": 528,
        "attribute": "Kiefer",
        "price_netto": 50000000,
        "active": false
      },
      {
        "combination_id": 529,
        "attribute": "White Wood",
        "price_netto": 55000000,
        "active": false
      }
    ]
  },
  {
    "reference": "TR 01/200",
    "name": "Door Frame 01 / 200",
    "description_short": "<p>Door and window frame TR 01 / 200, dimensions: 200 x 24 mm</p>",
    "meta_title": "",
    "meta_description": "Can be used as door or window frames, dimensions: 200 x 24 mm pine or white wood, length as required, other woods (e.g. oak) on request",
    "categories": [
      "Artikel",
      "Türbekleidungen & Fensterrahmen"
    ],
    "image_url": "https://www.vertaefelungen.de/api/images/products/118/1206",
    "variants": [
      {
        "combination_id": 530,
        "attribute": "Kiefer",
        "price_netto": 54000000,
        "active": false
      },
      {
        "combination_id": 531,
        "attribute": "White Wood",
        "price_netto": 59000000,
        "active": false
      }
    ]
  },
  {
    "reference": "TR 02",
    "name": "Door Frame 02",
    "description_short": "<p>Door and window frame TR 06, dimensions: 100 x 17 mm</p>",
    "meta_title": "",
    "meta_description": "Can be used as door or window frames, dimensions: 100 x 17 mm pine or white wood, length as required, other woods (e.g. oak) on request",
    "categories": [
      "Artikel",
      "Türbekleidungen & Fensterrahmen"
    ],
    "image_url": "https://www.vertaefelungen.de/api/images/products/119/1208",
    "variants": [
      {
        "combination_id": 532,
        "attribute": "Kiefer",
        "price_netto": 24720000,
        "active": false
      },
      {
        "combination_id": 533,
        "attribute": "White Wood",
        "price_netto": 36380000,
        "active": false
      }
    ]
  },
  {
    "reference": "TR 03",
    "name": "Door Frame 03",
    "description_short": "<p>Door and window frame TR 03, dimensions: 160 X 42 mm</p>",
    "meta_title": "",
    "meta_description": "Can be used as door or window frames, dimensions: 160 x 42 mm pine or white wood, length as required, other woods (e.g. oak) on request",
    "categories": [
      "Artikel",
      "Türbekleidungen & Fensterrahmen"
    ],
    "image_url": "https://www.vertaefelungen.de/api/images/products/120/1210",
    "variants": [
      {
        "combination_id": 534,
        "attribute": "Kiefer",
        "price_netto": 79200000,
        "active": false
      },
      {
        "combination_id": 535,
        "attribute": "White Wood",
        "price_netto": 105340000,
        "active": false
      },
      {
        "combination_id": 536,
        "attribute": "Kiefer",
        "price_netto": 79200000,
        "active": false
      },
      {
        "combination_id": 537,
        "attribute": "White Wood",
        "price_netto": 105340000,
        "active": false
      }
    ]
  },
  {
    "reference": "TR 05",
    "name": "Door Frame 05",
    "description_short": "<p>Door and window frame TR 05, dimensions: 179 x 42 mm</p>",
    "meta_title": "",
    "meta_description": "Can be used as door or window frames, dimensions: 179 x 42 mm pine or white wood, length as required, other woods (e.g. oak) on request",
    "categories": [
      "Artikel",
      "Türbekleidungen & Fensterrahmen"
    ],
    "image_url": "https://www.vertaefelungen.de/api/images/products/122/1214",
    "variants": [
      {
        "combination_id": 538,
        "attribute": "Kiefer",
        "price_netto": 79200000,
        "active": false
      },
      {
        "combination_id": 539,
        "attribute": "White Wood",
        "price_netto": 105340000,
        "active": false
      }
    ]
  },
  {
    "reference": "TR 09",
    "name": "Door Frame 09",
    "description_short": "<p>Door and window frame TR 09, dimensions: 115 x 26 mm</p>",
    "meta_title": "",
    "meta_description": "Classic door panelling 115 x 26 mm, faithfully reproduced, made of pine or white wood, can be ordered to the desired length, other woods (e.g. oak) on request.",
    "categories": [
      "Artikel",
      "Türbekleidungen & Fensterrahmen"
    ],
    "image_url": "https://www.vertaefelungen.de/api/images/products/123/1216",
    "variants": [
      {
        "combination_id": 540,
        "attribute": "Kiefer",
        "price_netto": 35320000,
        "active": false
      },
      {
        "combination_id": 541,
        "attribute": "White Wood",
        "price_netto": 46980000,
        "active": false
      }
    ]
  },
  {
    "reference": "TR 11",
    "name": "Door Frame 11",
    "description_short": "<p>Door and window frame TR 11, dimensions: 118 x 23 mm</p>",
    "meta_title": "",
    "meta_description": "Classic door panelling 118 x 23 mm, faithfully reproduced, made of pine or white wood, can be ordered to the desired length, other woods (e.g. oak) on request.",
    "categories": [
      "Artikel",
      "Türbekleidungen & Fensterrahmen"
    ],
    "image_url": "https://www.vertaefelungen.de/api/images/products/124/1218",
    "variants": [
      {
        "combination_id": 542,
        "attribute": "Kiefer",
        "price_netto": 76000000,
        "active": false
      },
      {
        "combination_id": 543,
        "attribute": "White Wood",
        "price_netto": 101080000,
        "active": false
      }
    ]
  },
  {
    "reference": "TR 12",
    "name": "Door Frame 12",
    "description_short": "<p>Door and window frame TR 12, dimensions: 117 x 28 mm</p>",
    "meta_title": "",
    "meta_description": "Classic door panelling 117 x 28 mm, faithfully reproduced, made of pine or white wood, can be ordered to the desired length, other woods (e.g. oak) on request.",
    "categories": [
      "Artikel",
      "Türbekleidungen & Fensterrahmen"
    ],
    "image_url": "https://www.vertaefelungen.de/api/images/products/125/1220",
    "variants": [
      {
        "combination_id": 544,
        "attribute": "Kiefer",
        "price_netto": 35320000,
        "active": false
      },
      {
        "combination_id": 545,
        "attribute": "White Wood",
        "price_netto": 46980000,
        "active": false
      }
    ]
  },
  {
    "reference": "TR 13",
    "name": "Door Frame 13",
    "description_short": "<p>Door and window frame TR 13, dimensions: 103 x 23 mm</p>",
    "meta_title": "",
    "meta_description": "Classic door panelling 103 x 23 mm, faithfully reproduced, made of pine or white wood, can be ordered to the desired length, other woods (e.g. oak) on request.",
    "categories": [
      "Artikel",
      "Türbekleidungen & Fensterrahmen"
    ],
    "image_url": "https://www.vertaefelungen.de/api/images/products/126/1222",
    "variants": [
      {
        "combination_id": 546,
        "attribute": "Kiefer",
        "price_netto": 41560000,
        "active": false
      },
      {
        "combination_id": 547,
        "attribute": "White Wood",
        "price_netto": 55280000,
        "active": false
      }
    ]
  },
  {
    "reference": "TR 14",
    "name": "Door Frame 14",
    "description_short": "<p>Door and window frame TR 14, dimensions: 118 x 20 mm</p>",
    "meta_title": "",
    "meta_description": "Classic door panelling 118 x 20 mm, faithfully reproduced, made of pine or white wood, can be ordered to the desired length, other woods (e.g. oak) on request.",
    "categories": [
      "Artikel",
      "Türbekleidungen & Fensterrahmen"
    ],
    "image_url": "https://www.vertaefelungen.de/api/images/products/127/1224",
    "variants": [
      {
        "combination_id": 548,
        "attribute": "Kiefer",
        "price_netto": 30800000,
        "active": false
      },
      {
        "combination_id": 549,
        "attribute": "White Wood",
        "price_netto": 40960000,
        "active": false
      }
    ]
  },
  {
    "reference": "TR 15",
    "name": "Door Frame 15",
    "description_short": "<p>Door and window frame TR 15, dimensions: 117 x 19 mm</p>",
    "meta_title": "",
    "meta_description": "Classic door panelling 117 x 19 mm, faithfully reproduced, made of pine or white wood, can be ordered to the desired length, other woods (e.g. oak) on request.",
    "categories": [
      "Artikel",
      "Türbekleidungen & Fensterrahmen"
    ],
    "image_url": "https://www.vertaefelungen.de/api/images/products/128/1226",
    "variants": [
      {
        "combination_id": 550,
        "attribute": "Kiefer",
        "price_netto": 35320000,
        "active": false
      },
      {
        "combination_id": 551,
        "attribute": "White Wood",
        "price_netto": 46980000,
        "active": false
      }
    ]
  },
  {
    "reference": "TR 17",
    "name": "Door Frame 17",
    "description_short": "<p>Door and window frame TR 17, dimensions: 164 x 58 mm</p>",
    "meta_title": "",
    "meta_description": "Classic door panelling 164 x 58 mm, faithfully reproduced, made of pine or white wood, can be ordered to the desired length, other woods (e.g. oak) on request.",
    "categories": [
      "Artikel",
      "Türbekleidungen & Fensterrahmen"
    ],
    "image_url": "https://www.vertaefelungen.de/api/images/products/129/1228",
    "variants": [
      {
        "combination_id": 552,
        "attribute": "Kiefer",
        "price_netto": 271600000,
        "active": false
      },
      {
        "combination_id": 553,
        "attribute": "White Wood",
        "price_netto": 361220000,
        "active": false
      }
    ]
  },
  {
    "reference": "TR 18",
    "name": "Door Frame 18",
    "description_short": "<p>Door and window frame TR 18, dimensions: 150 x 40 mm</p>",
    "meta_title": "",
    "meta_description": "Classic door panelling 150 x 40 mm, faithfully reproduced, made of pine or white wood, can be ordered to the desired length, other woods (e.g. oak) on request.",
    "categories": [
      "Artikel",
      "Türbekleidungen & Fensterrahmen"
    ],
    "image_url": "https://www.vertaefelungen.de/api/images/products/130/1230",
    "variants": [
      {
        "combination_id": 554,
        "attribute": "Kiefer",
        "price_netto": 79200000,
        "active": false
      },
      {
        "combination_id": 555,
        "attribute": "White Wood",
        "price_netto": 105340000,
        "active": false
      }
    ]
  },
  {
    "reference": "WL 01",
    "name": "Wall Moulding 01",
    "description_short": "<p>Profiled wooden moulding 16 x 40 mm<br />Available in pine or whitewood, other wood types on request</p>\n<p>The WL 01 wall moulding features a classically shaped, asymmetrical profile measuring 40 x 16 mm. The design combines a generously curved cyma recta (karnis) in the central section with finely tapering contours on the inner side.</p>\n<p>WL 01 is suitable for framing wall surfaces and creating elegant panel layouts. It is made from solid wood.</p>",
    "meta_title": "WL 01 Wall Moulding – Solid Wood Profile, 40 x 16 mm",
    "meta_description": "Classic profiled wall moulding WL 01 in solid wood, 40 x 16 mm. Asymmetrical profile for framing and structuring interior wall surfaces.",
    "categories": [
      "Artikel",
      "Wandleisten"
    ],
    "image_url": "https://www.vertaefelungen.de/api/images/products/76/1231",
    "variants": [
      {
        "combination_id": 339,
        "attribute": "Kiefer",
        "price_netto": 13900000,
        "active": false
      },
      {
        "combination_id": 340,
        "attribute": "White Wood",
        "price_netto": 18480000,
        "active": false
      }
    ]
  },
  {
    "reference": "WL 02",
    "name": "Wall Moulding 02 \"Dome\"",
    "description_short": "<p>Wooden moulding 20 x 40 mm, symmetric „Dome Profil“ <br />As a wall moulding for direct installation on the plastered wall. <br />This moulding can be used to create frames or cassettes to divide and structure large wall surfaces.</p>\n<p></p>",
    "meta_title": "",
    "meta_description": "",
    "categories": [
      "Artikel",
      "Wandleisten"
    ],
    "image_url": "https://www.vertaefelungen.de/api/images/products/77/1232",
    "variants": [
      {
        "combination_id": 341,
        "attribute": "Kiefer",
        "price_netto": 14360000,
        "active": false
      },
      {
        "combination_id": 342,
        "attribute": "White Wood",
        "price_netto": 19100000,
        "active": false
      }
    ]
  },
  {
    "reference": "WL 03",
    "name": "Wall Moulding 03",
    "description_short": "<p>Wooden moulding 10 x 40 mm <br />As a wall moulding for direct installation on the plastered wall. <br />This moulding can be used to create frames or cassettes to divide and structure large wall surfaces.</p>",
    "meta_title": "",
    "meta_description": "",
    "categories": [
      "Artikel",
      "Wandleisten"
    ],
    "image_url": "https://www.vertaefelungen.de/api/images/products/78/1234",
    "variants": [
      {
        "combination_id": 343,
        "attribute": "Kiefer",
        "price_netto": 10400000,
        "active": false
      },
      {
        "combination_id": 344,
        "attribute": "White Wood",
        "price_netto": 13840000,
        "active": false
      }
    ]
  },
  {
    "reference": "WL 04",
    "name": "Wall Moulding 04",
    "description_short": "",
    "meta_title": "",
    "meta_description": "",
    "categories": [
      "Artikel",
      "Wandleisten"
    ],
    "image_url": "https://www.vertaefelungen.de/api/images/products/79/1235",
    "variants": [
      {
        "combination_id": 345,
        "attribute": "Kiefer",
        "price_netto": 10400000,
        "active": false
      },
      {
        "combination_id": 346,
        "attribute": "White Wood",
        "price_netto": 13840000,
        "active": false
      }
    ]
  },
  {
    "reference": "WL 05",
    "name": "Wall Moulding 05",
    "description_short": "",
    "meta_title": "",
    "meta_description": "",
    "categories": [
      "Artikel",
      "Wandleisten"
    ],
    "image_url": "https://www.vertaefelungen.de/api/images/products/80/1236",
    "variants": [
      {
        "combination_id": 347,
        "attribute": "Kiefer",
        "price_netto": 16600000,
        "active": false
      },
      {
        "combination_id": 348,
        "attribute": "White Wood",
        "price_netto": 22080000,
        "active": false
      }
    ]
  },
  {
    "reference": "WL 06",
    "name": "Wall Moulding 06",
    "description_short": "",
    "meta_title": "",
    "meta_description": "",
    "categories": [
      "Artikel",
      "Wandleisten"
    ],
    "image_url": "https://www.vertaefelungen.de/api/images/products/81/1237",
    "variants": [
      {
        "combination_id": 349,
        "attribute": "Kiefer",
        "price_netto": 9440000,
        "active": false
      },
      {
        "combination_id": 350,
        "attribute": "White Wood",
        "price_netto": 12560000,
        "active": false
      }
    ]
  },
  {
    "reference": "WL 07",
    "name": "Wall Moulding 07",
    "description_short": "",
    "meta_title": "",
    "meta_description": "",
    "categories": [
      "Artikel",
      "Wandleisten"
    ],
    "image_url": "https://www.vertaefelungen.de/api/images/products/82/1238",
    "variants": [
      {
        "combination_id": 351,
        "attribute": "Kiefer",
        "price_netto": 9440000,
        "active": false
      },
      {
        "combination_id": 352,
        "attribute": "White Wood",
        "price_netto": 12560000,
        "active": false
      }
    ]
  },
  {
    "reference": "WL 08",
    "name": "Wall Moulding 08",
    "description_short": "",
    "meta_title": "",
    "meta_description": "",
    "categories": [
      "Artikel",
      "Wandleisten"
    ],
    "image_url": "https://www.vertaefelungen.de/api/images/products/84/1239",
    "variants": [
      {
        "combination_id": 355,
        "attribute": "Kiefer",
        "price_netto": 11800000,
        "active": false
      },
      {
        "combination_id": 356,
        "attribute": "White Wood",
        "price_netto": 15700000,
        "active": false
      }
    ]
  },
  {
    "reference": "WL 09",
    "name": "Wall Moulding 09",
    "description_short": "",
    "meta_title": "",
    "meta_description": "",
    "categories": [
      "Artikel",
      "Wandleisten"
    ],
    "image_url": "https://www.vertaefelungen.de/api/images/products/85/1240",
    "variants": [
      {
        "combination_id": 357,
        "attribute": "Kiefer",
        "price_netto": 12760000,
        "active": false
      },
      {
        "combination_id": 358,
        "attribute": "White Wood",
        "price_netto": 16980000,
        "active": false
      }
    ]
  },
  {
    "reference": "WL 10",
    "name": "Wall Moulding 10",
    "description_short": "",
    "meta_title": "",
    "meta_description": "",
    "categories": [
      "Artikel",
      "Wandleisten"
    ],
    "image_url": "https://www.vertaefelungen.de/api/images/products/86/1241",
    "variants": [
      {
        "combination_id": 359,
        "attribute": "Kiefer",
        "price_netto": 20760000,
        "active": false
      },
      {
        "combination_id": 360,
        "attribute": "White Wood",
        "price_netto": 27620000,
        "active": false
      }
    ]
  },
  {
    "reference": "WL 11",
    "name": "Wall Moulding 11",
    "description_short": "",
    "meta_title": "",
    "meta_description": "",
    "categories": [
      "Artikel",
      "Wandleisten"
    ],
    "image_url": "https://www.vertaefelungen.de/api/images/products/87/1242",
    "variants": [
      {
        "combination_id": 361,
        "attribute": "Kiefer",
        "price_netto": 31300000,
        "active": false
      },
      {
        "combination_id": 362,
        "attribute": "White Wood",
        "price_netto": 41620000,
        "active": false
      }
    ]
  },
  {
    "reference": "WL 12",
    "name": "Wall Moulding 12",
    "description_short": "",
    "meta_title": "",
    "meta_description": "",
    "categories": [
      "Artikel",
      "Wandleisten"
    ],
    "image_url": "https://www.vertaefelungen.de/api/images/products/88/1243",
    "variants": [
      {
        "combination_id": 363,
        "attribute": "Kiefer",
        "price_netto": 18380000,
        "active": false
      },
      {
        "combination_id": 364,
        "attribute": "White Wood",
        "price_netto": 24440000,
        "active": false
      }
    ]
  },
  {
    "reference": "WL 13",
    "name": "Wall Moulding 13",
    "description_short": "",
    "meta_title": "",
    "meta_description": "",
    "categories": [
      "Artikel",
      "Wandleisten"
    ],
    "image_url": "https://www.vertaefelungen.de/api/images/products/89/1244",
    "variants": [
      {
        "combination_id": 365,
        "attribute": "Kiefer",
        "price_netto": 10400000,
        "active": false
      },
      {
        "combination_id": 366,
        "attribute": "White Wood",
        "price_netto": 13840000,
        "active": false
      }
    ]
  },
  {
    "reference": "WL 14",
    "name": "Wall Moulding 14",
    "description_short": "",
    "meta_title": "",
    "meta_description": "",
    "categories": [
      "Artikel",
      "Wandleisten"
    ],
    "image_url": "https://www.vertaefelungen.de/api/images/products/90/1245",
    "variants": [
      {
        "combination_id": 367,
        "attribute": "Kiefer",
        "price_netto": 31000000,
        "active": false
      },
      {
        "combination_id": 368,
        "attribute": "White Wood",
        "price_netto": 41240000,
        "active": false
      }
    ]
  },
  {
    "reference": "WL 15",
    "name": "Wall Moulding 15",
    "description_short": "",
    "meta_title": "",
    "meta_description": "",
    "categories": [
      "Artikel",
      "Wandleisten"
    ],
    "image_url": "https://www.vertaefelungen.de/api/images/products/91/1246",
    "variants": [
      {
        "combination_id": 369,
        "attribute": "Kiefer",
        "price_netto": 39700000,
        "active": false
      },
      {
        "combination_id": 370,
        "attribute": "White Wood",
        "price_netto": 52800000,
        "active": false
      }
    ]
  },
  {
    "reference": "LÖN",
    "name": "Pur Linseed Oil",
    "description_short": "<p>Purified linseed oil with low acid content, free from suspended matter and mucilage, without siccative.<br />For initial priming of untreated wood. Pure linseed oil has a very high penetration depth of up to 10 mm due to the very slow drying process.<br />Drying time up to 2 weeks. Linseed oil fires the wood, the grain becomes more prominent.<br /><br />Linseed oil is preferable to any artificially produced wood preservative and primer in interior areas.<br />It is 100% natural and has proven itself traditionally.<br />Linseed oil has a strong, typical odour at first, but this fades over the course of weeks.</p>",
    "meta_title": "",
    "meta_description": "",
    "categories": [
      "Artikel",
      "Leinöl",
      "Tungöl",
      "Balsam"
    ],
    "image_url": "https://www.vertaefelungen.de/api/images/products/61/981",
    "variants": [
      {
        "combination_id": 322,
        "attribute": "1 Liter",
        "price_netto": 12605042,
        "active": false
      },
      {
        "combination_id": 323,
        "attribute": "5 Liter",
        "price_netto": 57983193,
        "active": false
      },
      {
        "combination_id": 324,
        "attribute": "10 Liter",
        "price_netto": 109243697,
        "active": false
      },
      {
        "combination_id": 325,
        "attribute": "20 Liter",
        "price_netto": 210084034,
        "active": false
      }
    ]
  },
  {
    "reference": "LÖF",
    "name": "Linseed Oil Varnish",
    "description_short": "<p>Linseed oil varnish with siccatives.<br />For interior use as a quick-drying finish with a drying time of up to 24 hours.</p>",
    "meta_title": "",
    "meta_description": "",
    "categories": [
      "Artikel",
      "Leinöl",
      "Tungöl",
      "Balsam"
    ],
    "image_url": "https://www.vertaefelungen.de/api/images/products/62/982",
    "variants": [
      {
        "combination_id": 326,
        "attribute": "1 Liter",
        "price_netto": 13445378,
        "active": false
      },
      {
        "combination_id": 327,
        "attribute": "5 Liter",
        "price_netto": 63865546,
        "active": false
      },
      {
        "combination_id": 328,
        "attribute": "10 Liter",
        "price_netto": 121848739,
        "active": false
      },
      {
        "combination_id": 329,
        "attribute": "20 Liter",
        "price_netto": 239495798,
        "active": false
      }
    ]
  },
  {
    "reference": "BTÖ",
    "name": "Balsamic turpentine oil",
    "description_short": "<p>Balsamic turpentine oil is a natural solvent that is obtained by repeated distillation (recification) of coniferous wood resins.<br />Linseed oil varnish can be diluted with balsamic turpentine oil in a ratio of 1:1 to half oil. This allows the quick-drying varnish to penetrate deeper into the wood.<br />Balsamic turpentine oil is used to dilute linseed oil paints.</p>",
    "meta_title": "",
    "meta_description": "",
    "categories": [
      "Artikel",
      "Leinöl",
      "Tungöl",
      "Balsam"
    ],
    "image_url": "https://www.vertaefelungen.de/api/images/products/63/983",
    "variants": [
      {
        "combination_id": 312,
        "attribute": "5 Liter",
        "price_netto": 63865546,
        "active": false
      },
      {
        "combination_id": 313,
        "attribute": "1 Liter",
        "price_netto": 13445378,
        "active": false
      }
    ]
  },
  {
    "reference": "CTP",
    "name": "Citrus terpene",
    "description_short": "<p>Like balsamic turpentine oil, citrus terpenes can be used to dilute colours and dissolve resins. Citrus terpene has a pleasant orange odour as it is obtained from the distillation of orange peel. It is also particularly suitable for ecological wood coatings. It is absolutely CO2 neutral, as it only releases as much CO2 as it has absorbed during growth.</p>",
    "meta_title": "",
    "meta_description": "",
    "categories": [
      "Artikel",
      "Leinöl",
      "Tungöl",
      "Balsam"
    ],
    "image_url": "https://www.vertaefelungen.de/api/images/products/64/986",
    "variants": [
      {
        "combination_id": 330,
        "attribute": "1 Liter",
        "price_netto": 20168067,
        "active": false
      },
      {
        "combination_id": 331,
        "attribute": "5 Liter",
        "price_netto": 100840336,
        "active": false
      }
    ]
  },
  {
    "reference": "TÖL",
    "name": "Tung oil varnish",
    "description_short": "<p style=\"margin:0px;font-style:normal;font-size:10.7px;line-height:normal;font-family:Verdana;\"><span style=\"font-size:10.67px;\">Tung oil boiled with linseed oil, linseed oil stand oil and siccatives.</span></p>\n<p style=\"margin:0px;font-style:normal;font-size:10.7px;line-height:normal;font-family:Verdana;\"><span style=\"font-size:10.67px;\">For interior and exterior use.</span></p>\n<p style=\"margin:0px;font-style:normal;font-size:10.7px;line-height:normal;font-family:Verdana;\"><span style=\"font-size:10.67px;\"> </span></p>\n<p style=\"margin:0px;font-style:normal;font-size:10.7px;line-height:normal;font-family:Verdana;\"><span style=\"font-size:10.67px;\">TUNG wood oil varnish dries significantly faster and harder than a linseed oil varnish. The surface is initially matt glossy. It is used as a finishing varnish on linseed oil primers, as it swells less with water and has better UV resistance than a linseed oil varnish. It is very suitable for maintaining all types of hardwoods. The formerly well-known Eburit hard drying oil is based on the same ingredients as our wood oil varnish.</span></p>",
    "meta_title": "",
    "meta_description": "",
    "categories": [
      "Artikel",
      "Leinöl",
      "Tungöl",
      "Balsam"
    ],
    "image_url": "https://www.vertaefelungen.de/api/images/products/65/992",
    "variants": [
      {
        "combination_id": 332,
        "attribute": "1 Liter",
        "price_netto": 22689076,
        "active": false
      },
      {
        "combination_id": 333,
        "attribute": "5 Liter",
        "price_netto": 105042017,
        "active": false
      },
      {
        "combination_id": 334,
        "attribute": "10 Liter",
        "price_netto": 201680673,
        "active": false
      },
      {
        "combination_id": 335,
        "attribute": "20 Liter",
        "price_netto": 378151261,
        "active": false
      }
    ]
  },
  {
    "reference": "TÖN",
    "name": "Tung oil natural",
    "description_short": "<p>Natural Tung Oil contains no siccatives. It polymerises in a similar way to linseed oil, but dries faster and forms a hard, matt surface. If wood is treated exclusively with Tung Oil Natural, the natural wood colour is essentially retained. It is very suitable for impregnating hardwood and as a surface coating on linseed oil paints. It can be used indoors and outdoors.</p>\n<p>Tung oil natural is obtained from the nuts of the wood oil tree (Vernicia fordii) in Asia, the USA and South America. The oil was historically referred to as \"wood oil\" or \"Chinese wood oil\" and is the binding agent for Chinese and Japanese wood and paper paintings.</p>\n<p>It is registered in the CAS database under the name \"wood oil\"</p>",
    "meta_title": "",
    "meta_description": "",
    "categories": [
      "Artikel",
      "Leinöl",
      "Tungöl",
      "Balsam"
    ],
    "image_url": "https://www.vertaefelungen.de/api/images/products/69/994",
    "variants": [
      {
        "combination_id": 336,
        "attribute": "1 Liter",
        "price_netto": 21008403,
        "active": false
      },
      {
        "combination_id": 337,
        "attribute": "5 Liter",
        "price_netto": 111008403,
        "active": false
      },
      {
        "combination_id": 338,
        "attribute": "10 Liter",
        "price_netto": 216008403,
        "active": false
      }
    ]
  },
  {
    "reference": "Beeck SIP Weiß",
    "name": "White - BEECK Interior Stand-Oil Paint PRO",
    "description_short": "<p><strong><img src=\"https://www.holzvertaefelung.store/img/cms/Beeck-Headline.jpg\" alt=\"Beeck Farben\" width=\"1022\" height=\"140\" /></strong></p>\n<p><strong>Beeck Interior Stand-Oil Paint PRO</strong><br />Opaque pigmented, for finishing coats on wood in interior areas, Paint Sheen: satin /semi-gloss.</p>\n<p><strong>Intended use</strong><br />Linseed-based Stand-Oil paint for coloured interior wood treatments, for doors, panelling and ceiling cladding. Preferred use in the preservation of listed buildings for the restoration of old oil paint coats in keeping with the style and material. Forms its film by oxidative drying into a vapor-permeable and water-resistant oil enamel film.</p>\n<p></p>",
    "meta_title": "White Interior Stand-Oil Paint PRO from BEECK",
    "meta_description": "",
    "categories": [
      "Artikel",
      "STANDÖLINNENFARBE PRO Volltonfarben"
    ],
    "image_url": "https://www.vertaefelungen.de/api/images/products/94/1076",
    "variants": [
      {
        "combination_id": 383,
        "attribute": "0,75 L, seidenmatt",
        "price_netto": 41500000,
        "active": false
      },
      {
        "combination_id": 384,
        "attribute": "0,75 L, seidenglanz",
        "price_netto": 41500000,
        "active": false
      },
      {
        "combination_id": 385,
        "attribute": "2,5 L, seidenmatt",
        "price_netto": 132500000,
        "active": false
      },
      {
        "combination_id": 386,
        "attribute": "2,5 L, seidenglanz",
        "price_netto": 132500000,
        "active": false
      },
      {
        "combination_id": 387,
        "attribute": "10 L, seidenmatt",
        "price_netto": 508500000,
        "active": false
      },
      {
        "combination_id": 388,
        "attribute": "10 L, seidenglanz",
        "price_netto": 508500000,
        "active": false
      }
    ]
  },
  {
    "reference": "Beeck SIP Schwarz",
    "name": "Black - BEECK Interior Stand-Oil Paint PRO",
    "description_short": "<p><strong><img src=\"https://www.holzvertaefelung.store/img/cms/Beeck-Headline.jpg\" alt=\"Beeck Farben\" width=\"1022\" height=\"140\" /></strong></p>\n<p><strong>Beeck Interior Stand-Oil Paint PRO</strong><br />Opaque pigmented, for finishing coats on wood in interior areas, Paint Sheen: satin /semi-gloss.</p>\n<p><strong>Intended use</strong><br />Linseed-based Stand-Oil paint for coloured interior wood treatments, for doors, panelling and ceiling cladding. Preferred use in the preservation of listed buildings for the restoration of old oil paint coats in keeping with the style and material. Forms its film by oxidative drying into a vapor-permeable and water-resistant oil enamel film.</p>\n<p></p>",
    "meta_title": "Black Interior Stand-Oil Paint PRO from BEECK",
    "meta_description": "",
    "categories": [
      "Artikel",
      "STANDÖLINNENFARBE PRO Volltonfarben"
    ],
    "image_url": "https://www.vertaefelungen.de/api/images/products/98/1098",
    "variants": [
      {
        "combination_id": 389,
        "attribute": "0,75 L, seidenmatt",
        "price_netto": 57150000,
        "active": false
      },
      {
        "combination_id": 390,
        "attribute": "0,75 L, seidenglanz",
        "price_netto": 57150000,
        "active": false
      },
      {
        "combination_id": 391,
        "attribute": "2,5 L, seidenmatt",
        "price_netto": 159500000,
        "active": false
      },
      {
        "combination_id": 392,
        "attribute": "2,5 L, seidenglanz",
        "price_netto": 159500000,
        "active": false
      },
      {
        "combination_id": 393,
        "attribute": "10 L, seidenmatt",
        "price_netto": 613500000,
        "active": false
      },
      {
        "combination_id": 394,
        "attribute": "10 L, seidenglanz",
        "price_netto": 613500000,
        "active": false
      }
    ]
  },
  {
    "reference": "Beeck SIP Umbra",
    "name": "Umber - BEECK Interior Stand-Oil Paint PRO",
    "description_short": "<p><strong><img src=\"https://www.holzvertaefelung.store/img/cms/Beeck-Headline.jpg\" alt=\"Beeck Farben\" width=\"1022\" height=\"140\" /></strong></p>\n<p><strong>Beeck Interior Stand-Oil Paint PRO</strong><br />Opaque pigmented, for finishing coats on wood in interior areas, Paint Sheen: satin /semi-gloss.</p>\n<p><strong>Intended use</strong><br />Linseed-based Stand-Oil paint for coloured interior wood treatments, for doors, panelling and ceiling cladding. Preferred use in the preservation of listed buildings for the restoration of old oil paint coats in keeping with the style and material. Forms its film by oxidative drying into a vapor-permeable and water-resistant oil enamel film.</p>\n<p></p>",
    "meta_title": "Umber Interior Stand-Oil Paint PRO from BEECK",
    "meta_description": "Beeck Interior Stand-Oil Paint Pro is a highly pigmented linseed oil paint for the preservation of listed buildings / restoration of wooden objects and paneling",
    "categories": [
      "Artikel",
      "STANDÖLINNENFARBE PRO Volltonfarben"
    ],
    "image_url": "https://www.vertaefelungen.de/api/images/products/99/1102",
    "variants": [
      {
        "combination_id": 395,
        "attribute": "0,75 L, seidenmatt",
        "price_netto": 57150000,
        "active": false
      },
      {
        "combination_id": 396,
        "attribute": "0,75 L, seidenglanz",
        "price_netto": 57150000,
        "active": false
      },
      {
        "combination_id": 397,
        "attribute": "2,5 L, seidenmatt",
        "price_netto": 159500000,
        "active": false
      },
      {
        "combination_id": 398,
        "attribute": "2,5 L, seidenglanz",
        "price_netto": 159500000,
        "active": false
      },
      {
        "combination_id": 399,
        "attribute": "10 L, seidenmatt",
        "price_netto": 613500000,
        "active": false
      },
      {
        "combination_id": 400,
        "attribute": "10 L, seidenglanz",
        "price_netto": 613500000,
        "active": false
      }
    ]
  },
  {
    "reference": "Beeck SIP Braun",
    "name": "Brown - BEECK Interior Stand-Oil Paint PRO",
    "description_short": "<p><strong><img src=\"https://www.holzvertaefelung.store/img/cms/Beeck-Headline.jpg\" alt=\"Beeck Farben\" width=\"1022\" height=\"140\" /></strong></p>\n<p><strong>Beeck Interior Stand-Oil Paint PRO</strong><br />Opaque pigmented, for finishing coats on wood in interior areas, Paint Sheen: satin /semi-gloss.</p>\n<p><strong>Intended use</strong><br />Linseed-based Stand-Oil paint for coloured interior wood treatments, for doors, panelling and ceiling cladding. Preferred use in the preservation of listed buildings for the restoration of old oil paint coats in keeping with the style and material. Forms its film by oxidative drying into a vapor-permeable and water-resistant oil enamel film.</p>\n<p></p>",
    "meta_title": "Brown Interior Stand-Oil Paint PRO from BEECK",
    "meta_description": "Beeck Interior Stand-Oil Paint Pro is a highly pigmented linseed oil paint for the preservation of listed buildings / restoration of wooden objects and paneling",
    "categories": [
      "Artikel",
      "STANDÖLINNENFARBE PRO Volltonfarben"
    ],
    "image_url": "https://www.vertaefelungen.de/api/images/products/100/1126",
    "variants": [
      {
        "combination_id": 401,
        "attribute": "0,75 L, seidenmatt",
        "price_netto": 57150000,
        "active": false
      },
      {
        "combination_id": 402,
        "attribute": "0,75 L, seidenglanz",
        "price_netto": 57150000,
        "active": false
      },
      {
        "combination_id": 403,
        "attribute": "2,5 L, seidenmatt",
        "price_netto": 159500000,
        "active": false
      },
      {
        "combination_id": 404,
        "attribute": "2,5 L, seidenglanz",
        "price_netto": 159500000,
        "active": false
      },
      {
        "combination_id": 405,
        "attribute": "10 L, seidenmatt",
        "price_netto": 613500000,
        "active": false
      },
      {
        "combination_id": 406,
        "attribute": "10 L, seidenglanz",
        "price_netto": 613500000,
        "active": false
      }
    ]
  },
  {
    "reference": "Beek SIP Grün",
    "name": "Green - BEECK Interior Stand-Oil Paint PRO",
    "description_short": "<p><strong><img src=\"https://www.holzvertaefelung.store/img/cms/Beeck-Headline.jpg\" alt=\"Beeck Farben\" width=\"1022\" height=\"140\" /></strong></p>\n<p><strong>Beeck Interior Stand-Oil Paint PRO</strong><br />Opaque pigmented, for finishing coats on wood in interior areas, Paint Sheen: satin /semi-gloss.</p>\n<p><strong>Intended use</strong><br />Linseed-based Stand-Oil paint for coloured interior wood treatments, for doors, panelling and ceiling cladding. Preferred use in the preservation of listed buildings for the restoration of old oil paint coats in keeping with the style and material. Forms its film by oxidative drying into a vapor-permeable and water-resistant oil enamel film.</p>\n<p></p>",
    "meta_title": "Green Interior Stand-Oil Paint PRO from BEECK",
    "meta_description": "Beeck Interior Stand-Oil Paint Pro is a highly pigmented linseed oil paint for the preservation of listed buildings / restoration of wooden objects and paneling",
    "categories": [
      "Artikel",
      "STANDÖLINNENFARBE PRO Volltonfarben"
    ],
    "image_url": "https://www.vertaefelungen.de/api/images/products/101/1167",
    "variants": [
      {
        "combination_id": 407,
        "attribute": "0,75 L, seidenmatt",
        "price_netto": 57150000,
        "active": false
      },
      {
        "combination_id": 408,
        "attribute": "0,75 L, seidenglanz",
        "price_netto": 57150000,
        "active": false
      },
      {
        "combination_id": 409,
        "attribute": "2,5 L, seidenmatt",
        "price_netto": 159500000,
        "active": false
      },
      {
        "combination_id": 410,
        "attribute": "2,5 L, seidenglanz",
        "price_netto": 159500000,
        "active": false
      },
      {
        "combination_id": 411,
        "attribute": "10 L, seidenmatt",
        "price_netto": 613500000,
        "active": false
      },
      {
        "combination_id": 412,
        "attribute": "10 L, seidenglanz",
        "price_netto": 613500000,
        "active": false
      }
    ]
  },
  {
    "reference": "Beeck SIP Zitronengelb",
    "name": "Lemon Yellow - BEECK Interior Stand-Oil Paint PRO",
    "description_short": "<p><strong><img src=\"https://www.holzvertaefelung.store/img/cms/Beeck-Headline.jpg\" alt=\"Beeck Farben\" width=\"1022\" height=\"140\" /></strong></p>\n<p><strong>Beeck Interior Stand-Oil Paint PRO</strong><br />Opaque pigmented, for finishing coats on wood in interior areas, Paint Sheen: satin /semi-gloss.</p>\n<p><strong>Intended use</strong><br />Linseed-based Stand-Oil paint for coloured interior wood treatments, for doors, panelling and ceiling cladding. Preferred use in the preservation of listed buildings for the restoration of old oil paint coats in keeping with the style and material. Forms its film by oxidative drying into a vapor-permeable and water-resistant oil enamel film.</p>\n<p></p>",
    "meta_title": "Lemon Yellow Interior Stand-Oil Paint PRO from BEECK",
    "meta_description": "Beeck Interior Stand-Oil Paint Pro is a highly pigmented linseed oil paint for the preservation of listed buildings / restoration of wooden objects and paneling",
    "categories": [
      "Artikel",
      "STANDÖLINNENFARBE PRO Volltonfarben"
    ],
    "image_url": "https://www.vertaefelungen.de/api/images/products/102/1139",
    "variants": [
      {
        "combination_id": 413,
        "attribute": "0,75 L, seidenmatt",
        "price_netto": 57150000,
        "active": false
      },
      {
        "combination_id": 414,
        "attribute": "0,75 L, seidenglanz",
        "price_netto": 57150000,
        "active": false
      },
      {
        "combination_id": 415,
        "attribute": "2,5 L, seidenmatt",
        "price_netto": 159500000,
        "active": false
      },
      {
        "combination_id": 416,
        "attribute": "2,5 L, seidenglanz",
        "price_netto": 159500000,
        "active": false
      },
      {
        "combination_id": 417,
        "attribute": "10 L, seidenmatt",
        "price_netto": 613500000,
        "active": false
      },
      {
        "combination_id": 418,
        "attribute": "10 L, seidenglanz",
        "price_netto": 613500000,
        "active": false
      }
    ]
  },
  {
    "reference": "Beeck SIP Maisgelb",
    "name": "Maize Yellow - BEECK Interior Stand-Oil Paint PRO",
    "description_short": "<p><strong><img src=\"https://www.holzvertaefelung.store/img/cms/Beeck-Headline.jpg\" alt=\"Beeck Farben\" width=\"1022\" height=\"140\" /></strong></p>\n<p><strong>Beeck Interior Stand-Oil Paint PRO</strong><br />Opaque pigmented, for finishing coats on wood in interior areas, Paint Sheen: satin /semi-gloss.</p>\n<p><strong>Intended use</strong><br />Linseed-based Stand-Oil paint for coloured interior wood treatments, for doors, panelling and ceiling cladding. Preferred use in the preservation of listed buildings for the restoration of old oil paint coats in keeping with the style and material. Forms its film by oxidative drying into a vapor-permeable and water-resistant oil enamel film.</p>\n<p></p>",
    "meta_title": "Maize Yellow Interior Stand-Oil Paint PRO from BEECK",
    "meta_description": "Beeck Interior Stand-Oil Paint Pro is a highly pigmented linseed oil paint for the preservation of listed buildings / restoration of wooden objects and paneling",
    "categories": [
      "Artikel",
      "STANDÖLINNENFARBE PRO Volltonfarben"
    ],
    "image_url": "https://www.vertaefelungen.de/api/images/products/103/1142",
    "variants": [
      {
        "combination_id": 419,
        "attribute": "0,75 L, seidenmatt",
        "price_netto": 57150000,
        "active": false
      },
      {
        "combination_id": 420,
        "attribute": "0,75 L, seidenglanz",
        "price_netto": 57150000,
        "active": false
      },
      {
        "combination_id": 421,
        "attribute": "2,5 L, seidenmatt",
        "price_netto": 159500000,
        "active": false
      },
      {
        "combination_id": 422,
        "attribute": "2,5 L, seidenglanz",
        "price_netto": 159500000,
        "active": false
      },
      {
        "combination_id": 423,
        "attribute": "10 L, seidenmatt",
        "price_netto": 613500000,
        "active": false
      },
      {
        "combination_id": 424,
        "attribute": "10 L, seidenglanz",
        "price_netto": 613500000,
        "active": false
      }
    ]
  },
  {
    "reference": "Beeck SIP Ocker",
    "name": "Ochre Yellow - BEECK Interior Stand-Oil Paint PRO",
    "description_short": "<p><strong><img src=\"https://www.holzvertaefelung.store/img/cms/Beeck-Headline.jpg\" alt=\"Beeck Farben\" width=\"1022\" height=\"140\" /></strong></p>\n<p><strong>Beeck Interior Stand-Oil Paint PRO</strong><br />Opaque pigmented, for finishing coats on wood in interior areas, Paint Sheen: satin /semi-gloss.</p>\n<p><strong>Intended use</strong><br />Linseed-based Stand-Oil paint for coloured interior wood treatments, for doors, panelling and ceiling cladding. Preferred use in the preservation of listed buildings for the restoration of old oil paint coats in keeping with the style and material. Forms its film by oxidative drying into a vapor-permeable and water-resistant oil enamel film.</p>\n<p></p>",
    "meta_title": "Ochre Yellow Interior Stand-Oil Paint PRO from BEECK",
    "meta_description": "Beeck Interior Stand-Oil Paint Pro is a highly pigmented linseed oil paint for the preservation of listed buildings / restoration of wooden objects and paneling",
    "categories": [
      "Artikel",
      "STANDÖLINNENFARBE PRO Volltonfarben"
    ],
    "image_url": "https://www.vertaefelungen.de/api/images/products/104/1145",
    "variants": [
      {
        "combination_id": 425,
        "attribute": "0,75 L, seidenmatt",
        "price_netto": 57150000,
        "active": false
      },
      {
        "combination_id": 426,
        "attribute": "0,75 L, seidenglanz",
        "price_netto": 57150000,
        "active": false
      },
      {
        "combination_id": 427,
        "attribute": "2,5 L, seidenmatt",
        "price_netto": 159500000,
        "active": false
      },
      {
        "combination_id": 428,
        "attribute": "2,5 L, seidenglanz",
        "price_netto": 159500000,
        "active": false
      },
      {
        "combination_id": 429,
        "attribute": "10 L, seidenmatt",
        "price_netto": 613500000,
        "active": false
      },
      {
        "combination_id": 430,
        "attribute": "10 L, seidenglanz",
        "price_netto": 613500000,
        "active": false
      }
    ]
  },
  {
    "reference": "Beek SIP Oxidrot",
    "name": "Oxide Red - BEECK Interior Stand-Oil Paint PRO",
    "description_short": "<p><strong><img src=\"https://www.holzvertaefelung.store/img/cms/Beeck-Headline.jpg\" alt=\"Beeck Farben\" width=\"1022\" height=\"140\" /></strong></p>\n<p><strong>Beeck Interior Stand-Oil Paint PRO</strong><br />Opaque pigmented, for finishing coats on wood in interior areas, Paint Sheen: satin /semi-gloss.</p>\n<p><strong>Intended use</strong><br />Linseed-based Stand-Oil paint for coloured interior wood treatments, for doors, panelling and ceiling cladding. Preferred use in the preservation of listed buildings for the restoration of old oil paint coats in keeping with the style and material. Forms its film by oxidative drying into a vapor-permeable and water-resistant oil enamel film.</p>\n<p></p>",
    "meta_title": "Oxide Red Interior Stand-Oil Paint PRO from BEECK",
    "meta_description": "Beeck Interior Stand-Oil Paint Pro is a highly pigmented linseed oil paint for the preservation of listed buildings / restoration of wooden objects and paneling",
    "categories": [
      "Artikel",
      "STANDÖLINNENFARBE PRO Volltonfarben"
    ],
    "image_url": "https://www.vertaefelungen.de/api/images/products/105/1149",
    "variants": [
      {
        "combination_id": 431,
        "attribute": "0,75 L, seidenmatt",
        "price_netto": 57150000,
        "active": false
      },
      {
        "combination_id": 432,
        "attribute": "0,75 L, seidenglanz",
        "price_netto": 57150000,
        "active": false
      },
      {
        "combination_id": 433,
        "attribute": "2,5 L, seidenmatt",
        "price_netto": 159500000,
        "active": false
      },
      {
        "combination_id": 434,
        "attribute": "2,5 L, seidenglanz",
        "price_netto": 159500000,
        "active": false
      },
      {
        "combination_id": 435,
        "attribute": "10 L, seidenmatt",
        "price_netto": 613500000,
        "active": false
      },
      {
        "combination_id": 436,
        "attribute": "10 L, seidenglanz",
        "price_netto": 613500000,
        "active": false
      }
    ]
  },
  {
    "reference": "Beek SIP Ultrablau",
    "name": "Ultra Blue - BEECK Interior Stand-Oil Paint PRO",
    "description_short": "<p><strong><img src=\"https://www.holzvertaefelung.store/img/cms/Beeck-Headline.jpg\" alt=\"Beeck Farben\" width=\"1022\" height=\"140\" /></strong></p>\n<p><strong>Beeck Interior Stand-Oil Paint PRO</strong><br />Opaque pigmented, for finishing coats on wood in interior areas, Paint Sheen: satin /semi-gloss.</p>\n<p><strong>Intended use</strong><br />Linseed-based Stand-Oil paint for coloured interior wood treatments, for doors, panelling and ceiling cladding. Preferred use in the preservation of listed buildings for the restoration of old oil paint coats in keeping with the style and material. Forms its film by oxidative drying into a vapor-permeable and water-resistant oil enamel film.</p>\n<p></p>",
    "meta_title": "Ultra Blue Interior Stand-Oil Paint PRO from BEECK",
    "meta_description": "Beeck Interior Stand-Oil Paint Pro is a highly pigmented linseed oil paint for the preservation of listed buildings / restoration of wooden objects and paneling",
    "categories": [
      "Artikel",
      "STANDÖLINNENFARBE PRO Volltonfarben"
    ],
    "image_url": "https://www.vertaefelungen.de/api/images/products/106/1152",
    "variants": [
      {
        "combination_id": 437,
        "attribute": "0,75 L, seidenmatt",
        "price_netto": 57150000,
        "active": false
      },
      {
        "combination_id": 438,
        "attribute": "0,75 L, seidenglanz",
        "price_netto": 57150000,
        "active": false
      },
      {
        "combination_id": 439,
        "attribute": "2,5 L, seidenmatt",
        "price_netto": 159500000,
        "active": false
      },
      {
        "combination_id": 440,
        "attribute": "2,5 L, seidenglanz",
        "price_netto": 159500000,
        "active": false
      },
      {
        "combination_id": 441,
        "attribute": "10 L, seidenmatt",
        "price_netto": 613500000,
        "active": false
      },
      {
        "combination_id": 442,
        "attribute": "10 L, seidenglanz",
        "price_netto": 613500000,
        "active": false
      }
    ]
  },
  {
    "reference": "Beeck SIP Weinrot",
    "name": "Wine Red - BEECK Interior Stand-Oil Paint PRO",
    "description_short": "<p><strong><img src=\"https://www.holzvertaefelung.store/img/cms/Beeck-Headline.jpg\" alt=\"Beeck Farben\" width=\"1022\" height=\"140\" /></strong></p>\n<p><strong>Beeck Interior Stand-Oil Paint PRO</strong><br />Opaque pigmented, for finishing coats on wood in interior areas, Paint Sheen: satin /semi-gloss.</p>\n<p><strong>Intended use</strong><br />Linseed-based Stand-Oil paint for coloured interior wood treatments, for doors, panelling and ceiling cladding. Preferred use in the preservation of listed buildings for the restoration of old oil paint coats in keeping with the style and material. Forms its film by oxidative drying into a vapor-permeable and water-resistant oil enamel film.</p>\n<p></p>",
    "meta_title": "Wine Red Interior Stand-Oil Paint PRO from BEECK",
    "meta_description": "Beeck Interior Stand-Oil Paint Pro is a highly pigmented linseed oil paint for the preservation of listed buildings / restoration of wooden objects and paneling",
    "categories": [
      "Artikel",
      "STANDÖLINNENFARBE PRO Volltonfarben"
    ],
    "image_url": "https://www.vertaefelungen.de/api/images/products/107/1158",
    "variants": [
      {
        "combination_id": 443,
        "attribute": "0,75 L, seidenmatt",
        "price_netto": 57150000,
        "active": false
      },
      {
        "combination_id": 444,
        "attribute": "0,75 L, seidenglanz",
        "price_netto": 57150000,
        "active": false
      },
      {
        "combination_id": 445,
        "attribute": "2,5 L, seidenmatt",
        "price_netto": 159500000,
        "active": false
      },
      {
        "combination_id": 446,
        "attribute": "2,5 L, seidenglanz",
        "price_netto": 159500000,
        "active": false
      },
      {
        "combination_id": 447,
        "attribute": "10 L, seidenmatt",
        "price_netto": 613500000,
        "active": false
      },
      {
        "combination_id": 448,
        "attribute": "10 L, seidenglanz",
        "price_netto": 613500000,
        "active": false
      }
    ]
  },
  {
    "reference": "Beeck VSF P",
    "name": "BEECK Undercoat PRO",
    "description_short": "<p><strong><img src=\"https://www.holzvertaefelung.store/img/cms/Beeck-Headline.jpg\" alt=\"Beeck Farben\" width=\"1022\" height=\"140\" /></strong></p>\n<p><strong>Beeck Interior Stand-Oil Paint PRO</strong><br />Opaque pigmented, for finishing coats on wood in interior areas, Paint Sheen: satin /semi-gloss.</p>\n<p><strong>Intended use</strong><br />Linseed-based Stand-Oil paint for coloured interior wood treatments, for doors, panelling and ceiling cladding. Preferred use in the preservation of listed buildings for the restoration of old oil paint coats in keeping with the style and material. Forms its film by oxidative drying into a vapor-permeable and water-resistant oil enamel film.</p>\n<p></p>",
    "meta_title": "White, matt oil varnish for professional priming coats on wood",
    "meta_description": "BEECK Undercoat Pro, opaque white, filling, fast-drying primer for wood indoors and exterior",
    "categories": [
      "Artikel",
      "Vorstreichfarbe PRO"
    ],
    "image_url": "https://www.vertaefelungen.de/api/images/products/109/1168",
    "variants": [
      {
        "combination_id": 464,
        "attribute": "0,75 L",
        "price_netto": 30600000,
        "active": false
      },
      {
        "combination_id": 465,
        "attribute": "2,5 L",
        "price_netto": 97000000,
        "active": false
      },
      {
        "combination_id": 467,
        "attribute": "10 L",
        "price_netto": 371700000,
        "active": false
      }
    ]
  }
]